doctor_id,user_name,password
1,doctor1,W3jzIANG
2,doctor2,lBYqWawB
3,doctor3,5LZ0fRar
4,doctor4,ic0pFSn0
5,doctor5,Jjatg2CY
6,doctor6,UqlgXOSA
7,doctor7,uCesPRBk
8,doctor8,LFNsHx7f
9,doctor9,KtHrQ92s
10,doctor10,z2R3l9Et
11,doctor11,ocm45qvL
12,doctor12,cSocNTan
13,doctor13,fUyuJv42
14,doctor14,cc9exqul
15,doctor15,luZ1Rxvc
16,doctor16,Q5UtC0mY
17,doctor17,vrjJniyu
18,doctor18,HJlrlTcd
19,doctor19,gUo6BLak
20,doctor20,dcyrPm7t
21,doctor21,Kvbhg7aM
22,doctor22,cpwad7zD
23,doctor23,O0dXVSQj
24,doctor24,ijgqrT5c
25,doctor25,AKyGdVkt
26,doctor26,ojzpzQvo
27,doctor27,dRr00Fb8
28,doctor28,5Z1oaKdu
29,doctor29,UxkLu7U0
30,doctor30,mNtiq4xf
31,doctor31,RwCcuBuq
32,doctor32,EnQqCLUh
33,doctor33,0U7pZCjU
34,doctor34,0Kh1PnM7
35,doctor35,rfQbDTfq
36,doctor36,jWvrTLLQ
37,doctor37,QMKkC1nt
38,doctor38,Bif1cnVC
39,doctor39,x80dso47
40,doctor40,QYmBsYiT
41,doctor41,2fFhSZBl
42,doctor42,73TjzKZM
43,doctor43,VvwUtkN4
44,doctor44,1Y5IXgKh
45,doctor45,87qySAOO
46,doctor46,Cjd2vFHy
47,doctor47,UKRtOuss
48,doctor48,W2X5stbX
49,doctor49,j1qdfJMN
50,doctor50,ydyRJarS
51,doctor51,K7baBrKR
52,doctor52,JoRIawPM
53,doctor53,JmY48q7t
54,doctor54,idB9yYGP
55,doctor55,Y9BBwdbC
56,doctor56,p8Yu6Wcr
57,doctor57,dwQbGmQl
58,doctor58,LHQN8AxH
59,doctor59,meo8QgNw
60,doctor60,zJs6Jnkl
61,doctor61,NiqE6lC0
62,doctor62,zZenhxpu
63,doctor63,StdJKwpm
64,doctor64,jySg7DnB
65,doctor65,8uoDFOIL
66,doctor66,wJPNOXFd
67,doctor67,MK45AWRv
68,doctor68,iSc0PsGX
69,doctor69,KEuGjLQj
70,doctor70,Tz4AiM9E
71,doctor71,vYzNnSjy
72,doctor72,USAvgKb7
73,doctor73,5g9Kitmd
74,doctor74,sNGXF1pG
75,doctor75,amKMhxr1
76,doctor76,6eGN6Iil
77,doctor77,gpWRJyMk
78,doctor78,UhCdq1Ft
79,doctor79,64rT8YXn
80,doctor80,JD27OSx9
81,doctor81,fKWJcDnI
82,doctor82,bxAY6xZq
83,doctor83,kH6tg6tX
84,doctor84,JuS3uBoo
85,doctor85,tezZhYvI
86,doctor86,ACwpuxYY
87,doctor87,wpkzSRHg
88,doctor88,h9BY2Pu0
89,doctor89,W3rit6tX
90,doctor90,K2BB4Fnl
91,doctor91,NTJmy7k4
92,doctor92,tjWd4AoU
93,doctor93,hg3Ey71e
94,doctor94,YyJcpDT1
95,doctor95,Z5IaFc5p
96,doctor96,K6QqRuex
97,doctor97,W72sDEvv
98,doctor98,OYlSh6Bl
99,doctor99,AocQ01u6
100,doctor100,CbGCs7KQ
101,doctor101,8xGNFvhK
102,doctor102,chJo5s2k
103,doctor103,wR1Swk8s
104,doctor104,P6AbS2AC
105,doctor105,OmXQQMy2
106,doctor106,v90XLzuV
107,doctor107,LLUkCMnE
108,doctor108,joyFLLiL
109,doctor109,7Qd2nb3I
110,doctor110,FmAlFOmf
111,doctor111,LkwIT5Nh
112,doctor112,ZsDVcDgs
113,doctor113,9lzkfG5B
114,doctor114,2Z6T8shx
115,doctor115,22S0PooI
116,doctor116,cppsC158
117,doctor117,WWiAtXAz
118,doctor118,3V6qOD0c
119,doctor119,nl5NbDsM
120,doctor120,zRF9FIjb
121,doctor121,Cizjr4w6
122,doctor122,sr8C27iN
123,doctor123,W9MjimEC
124,doctor124,7N85ThfF
125,doctor125,uRoPV04Q
126,doctor126,GfRbCeC2
127,doctor127,6mcHLLME
128,doctor128,o9avWycB
129,doctor129,vkRzmC7w
130,doctor130,8aTt36U5
131,doctor131,c7XTF5Cn
132,doctor132,8rd2zdDH
133,doctor133,9gWJXxpK
134,doctor134,dLQtQ3z5
135,doctor135,sQXd2ATa
136,doctor136,sE2yPWIq
137,doctor137,OcJbpyox
138,doctor138,Kgs5kHNX
139,doctor139,VsbXW5MB
140,doctor140,I7nNFaf5
141,doctor141,eWJuTn90
142,doctor142,LGkNarG5
143,doctor143,f5pRdPuM
144,doctor144,wq2t7tjl
145,doctor145,YAAvCQPi
146,doctor146,rFh7ZrrS
147,doctor147,gwVRTZOS
148,doctor148,KIJsKLbJ
149,doctor149,BZ1Wqoyf
150,doctor150,m1oLl89w
151,doctor151,tLO3i6P0
152,doctor152,8uB46yUu
153,doctor153,BvOJRjUS
154,doctor154,VLWnaSUV
155,doctor155,SABDg7G4
156,doctor156,ISniLbAH
157,doctor157,InrItSlv
158,doctor158,SSpR4A5b
159,doctor159,VoiU2Jz1
160,doctor160,atavoL2j
161,doctor161,0EwVpkGk
162,doctor162,1xdN72sn
163,doctor163,O4zmvfmJ
164,doctor164,B9p48pDP
165,doctor165,2omJVHUU
166,doctor166,ak4tcHUC
167,doctor167,6VmPejPN
168,doctor168,0MWhVoSJ
169,doctor169,HetpyLkv
170,doctor170,NUDXvQlF
171,doctor171,QlzgOrbj
172,doctor172,VX7bZR18
173,doctor173,jyhNXqab
174,doctor174,lD3LvPFb
175,doctor175,tjf9i7yO
176,doctor176,UprptRpA
177,doctor177,UHontDrA
178,doctor178,65J9FUfh
179,doctor179,YijTtYSP
180,doctor180,ceASnYpq
181,doctor181,ylsOUHnC
182,doctor182,jTmiLN02
183,doctor183,nOPPtFQK
184,doctor184,u94DMX0Z
185,doctor185,zbJFs5cw
186,doctor186,gvHgk2rz
187,doctor187,KLMbHgpa
188,doctor188,ONfMInqq
189,doctor189,YHo8UoJ3
190,doctor190,gWRUpCev
191,doctor191,n4FNkXEH
192,doctor192,4Phy2edt
193,doctor193,3Y8mq9vb
194,doctor194,i6ZtWrzQ
195,doctor195,QwCS9UZr
196,doctor196,6YgWBEMe
197,doctor197,LJUtiy6u
198,doctor198,sPDoGLnv
199,doctor199,ucNHEYvQ
200,doctor200,VaRUQkxa
